:START_ID,:END_ID,:TYPE
food_0003,intro_0001,Introduction
food_0004,intro_0002,Introduction
food_0005,intro_0003,Introduction
food_0007,intro_0004,Introduction
food_0008,intro_0005,Introduction
food_0009,intro_0006,Introduction
food_0010,intro_0007,Introduction
food_0011,intro_0008,Introduction
food_0012,intro_0009,Introduction
food_0013,intro_0010,Introduction
food_0014,intro_0011,Introduction
food_0015,intro_0012,Introduction
food_0016,intro_0013,Introduction
food_0017,intro_0014,Introduction
food_0018,intro_0015,Introduction
food_0019,intro_0016,Introduction
food_0020,intro_0017,Introduction
food_0021,intro_0018,Introduction
food_0022,intro_0019,Introduction
food_0023,intro_0020,Introduction
food_0025,intro_0021,Introduction
food_0026,intro_0022,Introduction
food_0027,intro_0023,Introduction
food_0028,intro_0024,Introduction
food_0030,intro_0025,Introduction
food_0031,intro_0026,Introduction
food_0032,intro_0027,Introduction
food_0033,intro_0028,Introduction
food_0034,intro_0029,Introduction
food_0035,intro_0030,Introduction
food_0036,intro_0031,Introduction
food_0037,intro_0032,Introduction
food_0038,intro_0033,Introduction
food_0039,intro_0034,Introduction
food_0040,intro_0035,Introduction
food_0041,intro_0036,Introduction
food_0042,intro_0037,Introduction
food_0044,intro_0038,Introduction
food_0045,intro_0039,Introduction
food_0046,intro_0040,Introduction
food_0047,intro_0041,Introduction
food_0048,intro_0042,Introduction
food_0049,intro_0043,Introduction
food_0051,intro_0044,Introduction
food_0053,intro_0045,Introduction
food_0055,intro_0046,Introduction
food_0056,intro_0047,Introduction
food_0057,intro_0048,Introduction
food_0060,intro_0049,Introduction
food_0061,intro_0050,Introduction
food_0062,intro_0051,Introduction
food_0063,intro_0052,Introduction
food_0064,intro_0053,Introduction
food_0065,intro_0054,Introduction
food_0066,intro_0055,Introduction
food_0067,intro_0056,Introduction
food_0068,intro_0057,Introduction
food_0070,intro_0058,Introduction
food_0071,intro_0059,Introduction
food_0072,intro_0060,Introduction
food_0073,intro_0061,Introduction
food_0074,intro_0062,Introduction
food_0075,intro_0063,Introduction
food_0076,intro_0064,Introduction
food_0077,intro_0065,Introduction
food_0078,intro_0066,Introduction
food_0079,intro_0067,Introduction
food_0080,intro_0068,Introduction
food_0081,intro_0069,Introduction
food_0082,intro_0070,Introduction
food_0083,intro_0071,Introduction
food_0084,intro_0072,Introduction
food_0085,intro_0073,Introduction
food_0086,intro_0074,Introduction
food_0087,intro_0075,Introduction
food_0088,intro_0076,Introduction
food_0089,intro_0077,Introduction
food_0090,intro_0078,Introduction
food_0091,intro_0079,Introduction
food_0092,intro_0080,Introduction
food_0093,intro_0081,Introduction
food_0094,intro_0082,Introduction
food_0095,intro_0083,Introduction
food_0096,intro_0084,Introduction
food_0097,intro_0085,Introduction
food_0098,intro_0086,Introduction
food_0099,intro_0087,Introduction
food_0100,intro_0088,Introduction
food_0101,intro_0089,Introduction
food_0102,intro_0090,Introduction
food_0104,intro_0091,Introduction
food_0105,intro_0092,Introduction
food_0106,intro_0093,Introduction
food_0107,intro_0094,Introduction
food_0108,intro_0095,Introduction
food_0109,intro_0096,Introduction
food_0110,intro_0097,Introduction
food_0111,intro_0098,Introduction
food_0112,intro_0099,Introduction
food_0113,intro_0100,Introduction
food_0114,intro_0101,Introduction
food_0115,intro_0102,Introduction
food_0116,intro_0103,Introduction
food_0117,intro_0104,Introduction
food_0118,intro_0105,Introduction
food_0119,intro_0106,Introduction
food_0120,intro_0107,Introduction
food_0122,intro_0108,Introduction
food_0123,intro_0109,Introduction
food_0124,intro_0110,Introduction
food_0125,intro_0111,Introduction
food_0126,intro_0112,Introduction
food_0127,intro_0113,Introduction
food_0128,intro_0114,Introduction
food_0129,intro_0115,Introduction
food_0130,intro_0116,Introduction
food_0131,intro_0117,Introduction
food_0132,intro_0118,Introduction
food_0133,intro_0119,Introduction
food_0135,intro_0120,Introduction
food_0136,intro_0121,Introduction
food_0137,intro_0122,Introduction
food_0138,intro_0123,Introduction
food_0139,intro_0124,Introduction
food_0142,intro_0125,Introduction
food_0144,intro_0126,Introduction
food_0145,intro_0127,Introduction
food_0146,intro_0128,Introduction
food_0147,intro_0129,Introduction
food_0148,intro_0130,Introduction
food_0149,intro_0131,Introduction
food_0150,intro_0132,Introduction
food_0151,intro_0133,Introduction
food_0153,intro_0134,Introduction
food_0155,intro_0135,Introduction
food_0156,intro_0136,Introduction
food_0157,intro_0137,Introduction
food_0158,intro_0138,Introduction
food_0159,intro_0139,Introduction
food_0160,intro_0140,Introduction
food_0161,intro_0141,Introduction
food_0162,intro_0142,Introduction
food_0163,intro_0143,Introduction
food_0164,intro_0144,Introduction
food_0165,intro_0145,Introduction
food_0166,intro_0146,Introduction
food_0167,intro_0147,Introduction
food_0168,intro_0148,Introduction
food_0169,intro_0149,Introduction
food_0170,intro_0150,Introduction
food_0171,intro_0151,Introduction
food_0172,intro_0152,Introduction
food_0173,intro_0153,Introduction
food_0174,intro_0154,Introduction
food_0175,intro_0155,Introduction
food_0176,intro_0156,Introduction
food_0177,intro_0157,Introduction
food_0178,intro_0158,Introduction
food_0180,intro_0159,Introduction
food_0181,intro_0160,Introduction
food_0182,intro_0161,Introduction
food_0183,intro_0162,Introduction
food_0184,intro_0163,Introduction
food_0185,intro_0164,Introduction
food_0186,intro_0165,Introduction
food_0187,intro_0166,Introduction
food_0188,intro_0167,Introduction
food_0189,intro_0168,Introduction
food_0191,intro_0169,Introduction
food_0192,intro_0170,Introduction
food_0194,intro_0171,Introduction
food_0195,intro_0172,Introduction
food_0196,intro_0173,Introduction
food_0197,intro_0174,Introduction
food_0198,intro_0175,Introduction
food_0199,intro_0176,Introduction
food_0200,intro_0177,Introduction
food_0201,intro_0178,Introduction
food_0202,intro_0179,Introduction
food_0203,intro_0180,Introduction
food_0206,intro_0181,Introduction
food_0207,intro_0182,Introduction
food_0208,intro_0183,Introduction
food_0209,intro_0184,Introduction
food_0210,intro_0185,Introduction
food_0211,intro_0186,Introduction
food_0214,intro_0187,Introduction
food_0215,intro_0188,Introduction
food_0216,intro_0189,Introduction
food_0217,intro_0190,Introduction
food_0218,intro_0191,Introduction
food_0220,intro_0192,Introduction
food_0221,intro_0193,Introduction
food_0222,intro_0194,Introduction
food_0223,intro_0195,Introduction
food_0224,intro_0196,Introduction
food_0225,intro_0197,Introduction
food_0226,intro_0198,Introduction
food_0227,intro_0199,Introduction
food_0228,intro_0200,Introduction
food_0229,intro_0201,Introduction
food_0232,intro_0202,Introduction
food_0233,intro_0203,Introduction
food_0234,intro_0204,Introduction
food_0235,intro_0205,Introduction
food_0236,intro_0206,Introduction
food_0238,intro_0207,Introduction
food_0239,intro_0208,Introduction
food_0240,intro_0209,Introduction
food_0241,intro_0210,Introduction
food_0243,intro_0211,Introduction
food_0244,intro_0212,Introduction
food_0245,intro_0213,Introduction
food_0247,intro_0214,Introduction
food_0249,intro_0215,Introduction
food_0250,intro_0216,Introduction
food_0251,intro_0217,Introduction
food_0252,intro_0218,Introduction
food_0253,intro_0219,Introduction
food_0255,intro_0220,Introduction
food_0256,intro_0221,Introduction
food_0257,intro_0222,Introduction
food_0259,intro_0223,Introduction
food_0260,intro_0224,Introduction
food_0261,intro_0225,Introduction
food_0262,intro_0226,Introduction
food_0263,intro_0227,Introduction
food_0264,intro_0228,Introduction
food_0265,intro_0229,Introduction
food_0266,intro_0230,Introduction
food_0267,intro_0231,Introduction
food_0268,intro_0232,Introduction
food_0269,intro_0233,Introduction
food_0270,intro_0234,Introduction
food_0271,intro_0235,Introduction
food_0273,intro_0236,Introduction
food_0274,intro_0237,Introduction
food_0275,intro_0238,Introduction
food_0276,intro_0239,Introduction
food_0277,intro_0240,Introduction
food_0278,intro_0241,Introduction
food_0279,intro_0242,Introduction
food_0280,intro_0243,Introduction
food_0283,intro_0244,Introduction
food_0284,intro_0245,Introduction
food_0286,intro_0246,Introduction
food_0287,intro_0247,Introduction
food_0288,intro_0248,Introduction
food_0289,intro_0249,Introduction
food_0290,intro_0250,Introduction
food_0291,intro_0251,Introduction
food_0292,intro_0252,Introduction
food_0293,intro_0253,Introduction
food_0294,intro_0254,Introduction
food_0295,intro_0255,Introduction
food_0297,intro_0256,Introduction
food_0298,intro_0257,Introduction
food_0299,intro_0258,Introduction
food_0300,intro_0259,Introduction
food_0301,intro_0260,Introduction
food_0302,intro_0261,Introduction
food_0303,intro_0262,Introduction
food_0304,intro_0263,Introduction
food_0305,intro_0264,Introduction
food_0306,intro_0265,Introduction
food_0307,intro_0266,Introduction
food_0308,intro_0267,Introduction
food_0309,intro_0268,Introduction
food_0310,intro_0269,Introduction
food_0311,intro_0270,Introduction
food_0313,intro_0271,Introduction
food_0315,intro_0272,Introduction
food_0317,intro_0273,Introduction
food_0318,intro_0274,Introduction
food_0319,intro_0275,Introduction
food_0320,intro_0276,Introduction
food_0321,intro_0277,Introduction
food_0322,intro_0278,Introduction
food_0323,intro_0279,Introduction
food_0324,intro_0280,Introduction
food_0325,intro_0281,Introduction
food_0326,intro_0282,Introduction
food_0327,intro_0283,Introduction
food_0328,intro_0284,Introduction
food_0329,intro_0285,Introduction
food_0330,intro_0286,Introduction
food_0331,intro_0287,Introduction
food_0332,intro_0288,Introduction
food_0333,intro_0289,Introduction
food_0334,intro_0290,Introduction
food_0335,intro_0291,Introduction
food_0336,intro_0292,Introduction
food_0337,intro_0293,Introduction
food_0338,intro_0294,Introduction
food_0339,intro_0295,Introduction
food_0340,intro_0296,Introduction
food_0342,intro_0297,Introduction
food_0343,intro_0298,Introduction
food_0344,intro_0299,Introduction
food_0345,intro_0300,Introduction
food_0346,intro_0301,Introduction
food_0347,intro_0302,Introduction
food_0348,intro_0303,Introduction
food_0349,intro_0304,Introduction
food_0350,intro_0305,Introduction
food_0351,intro_0306,Introduction
food_0352,intro_0307,Introduction
food_0353,intro_0308,Introduction
food_0354,intro_0309,Introduction
food_0355,intro_0310,Introduction
food_0356,intro_0311,Introduction
food_0357,intro_0312,Introduction
food_0359,intro_0313,Introduction
food_0360,intro_0314,Introduction
food_0361,intro_0315,Introduction
food_0362,intro_0316,Introduction
food_0364,intro_0317,Introduction
food_0365,intro_0318,Introduction
food_0366,intro_0319,Introduction
food_0367,intro_0320,Introduction
food_0368,intro_0321,Introduction
food_0369,intro_0322,Introduction
food_0370,intro_0323,Introduction
food_0371,intro_0324,Introduction
food_0374,intro_0325,Introduction
food_0376,intro_0326,Introduction
food_0377,intro_0327,Introduction
food_0378,intro_0328,Introduction
food_0379,intro_0329,Introduction
food_0380,intro_0330,Introduction
food_0381,intro_0331,Introduction
food_0383,intro_0332,Introduction
food_0384,intro_0333,Introduction
food_0385,intro_0334,Introduction
food_0386,intro_0335,Introduction
food_0388,intro_0336,Introduction
food_0389,intro_0337,Introduction
food_0390,intro_0338,Introduction
food_0391,intro_0339,Introduction
food_0392,intro_0340,Introduction
food_0393,intro_0341,Introduction
food_0394,intro_0342,Introduction
food_0395,intro_0343,Introduction
food_0396,intro_0344,Introduction
food_0397,intro_0345,Introduction
food_0398,intro_0346,Introduction
food_0399,intro_0347,Introduction
food_0400,intro_0348,Introduction
food_0401,intro_0349,Introduction
food_0402,intro_0350,Introduction
food_0404,intro_0351,Introduction
food_0405,intro_0352,Introduction
food_0406,intro_0353,Introduction
food_0407,intro_0354,Introduction
food_0408,intro_0355,Introduction
food_0409,intro_0356,Introduction
food_0410,intro_0357,Introduction
food_0411,intro_0358,Introduction
food_0412,intro_0359,Introduction
food_0413,intro_0360,Introduction
food_0415,intro_0361,Introduction
food_0416,intro_0362,Introduction
food_0417,intro_0363,Introduction
food_0418,intro_0364,Introduction
food_0419,intro_0365,Introduction
food_0420,intro_0366,Introduction
food_0421,intro_0367,Introduction
food_0422,intro_0368,Introduction
food_0424,intro_0369,Introduction
food_0425,intro_0370,Introduction
food_0426,intro_0371,Introduction
food_0427,intro_0372,Introduction
food_0428,intro_0373,Introduction
food_0429,intro_0374,Introduction
food_0430,intro_0375,Introduction
food_0431,intro_0376,Introduction
food_0432,intro_0377,Introduction
food_0433,intro_0378,Introduction
food_0434,intro_0379,Introduction
food_0435,intro_0380,Introduction
food_0436,intro_0381,Introduction
food_0437,intro_0382,Introduction
food_0438,intro_0383,Introduction
food_0440,intro_0384,Introduction
food_0442,intro_0385,Introduction
food_0443,intro_0386,Introduction
food_0445,intro_0387,Introduction
food_0446,intro_0388,Introduction
food_0447,intro_0389,Introduction
food_0448,intro_0390,Introduction
food_0449,intro_0391,Introduction
food_0450,intro_0392,Introduction
food_0451,intro_0393,Introduction
food_0452,intro_0394,Introduction
food_0453,intro_0395,Introduction
food_0454,intro_0396,Introduction
food_0455,intro_0397,Introduction
food_0456,intro_0398,Introduction
food_0457,intro_0399,Introduction
food_0458,intro_0400,Introduction
food_0459,intro_0401,Introduction
food_0461,intro_0402,Introduction
food_0462,intro_0403,Introduction
food_0463,intro_0404,Introduction
food_0464,intro_0405,Introduction
food_0465,intro_0406,Introduction
food_0467,intro_0407,Introduction
food_0469,intro_0408,Introduction
food_0470,intro_0409,Introduction
food_0471,intro_0410,Introduction
food_0472,intro_0411,Introduction
food_0473,intro_0412,Introduction
food_0474,intro_0413,Introduction
food_0475,intro_0414,Introduction
food_0476,intro_0415,Introduction
food_0477,intro_0416,Introduction
food_0478,intro_0417,Introduction
food_0479,intro_0418,Introduction
food_0480,intro_0419,Introduction
food_0481,intro_0420,Introduction
food_0482,intro_0421,Introduction
food_0483,intro_0422,Introduction
food_0484,intro_0423,Introduction
food_0485,intro_0424,Introduction
food_0486,intro_0425,Introduction
food_0487,intro_0426,Introduction
food_0489,intro_0427,Introduction
food_0490,intro_0428,Introduction
food_0491,intro_0429,Introduction
food_0492,intro_0430,Introduction
food_0493,intro_0431,Introduction
food_0494,intro_0432,Introduction
food_0495,intro_0433,Introduction
food_0496,intro_0434,Introduction
food_0497,intro_0435,Introduction
food_0498,intro_0436,Introduction
food_0499,intro_0437,Introduction
food_0500,intro_0438,Introduction
food_0501,intro_0439,Introduction
food_0503,intro_0440,Introduction
food_0504,intro_0441,Introduction
food_0505,intro_0442,Introduction
food_0506,intro_0443,Introduction
food_0507,intro_0444,Introduction
food_0508,intro_0445,Introduction
food_0509,intro_0446,Introduction
food_0510,intro_0447,Introduction
food_0511,intro_0448,Introduction
food_0512,intro_0449,Introduction
food_0513,intro_0450,Introduction
food_0514,intro_0451,Introduction
food_0515,intro_0452,Introduction
food_0516,intro_0453,Introduction
food_0517,intro_0454,Introduction
food_0518,intro_0455,Introduction
food_0519,intro_0456,Introduction
food_0520,intro_0457,Introduction
food_0521,intro_0458,Introduction
food_0522,intro_0459,Introduction
food_0523,intro_0460,Introduction
food_0524,intro_0461,Introduction
food_0526,intro_0462,Introduction
food_0527,intro_0463,Introduction
food_0528,intro_0464,Introduction
food_0529,intro_0465,Introduction
food_0530,intro_0466,Introduction
food_0531,intro_0467,Introduction
food_0532,intro_0468,Introduction
food_0533,intro_0469,Introduction
food_0534,intro_0470,Introduction
food_0535,intro_0471,Introduction
food_0536,intro_0472,Introduction
food_0537,intro_0473,Introduction
food_0538,intro_0474,Introduction
food_0540,intro_0475,Introduction
food_0541,intro_0476,Introduction
food_0542,intro_0477,Introduction
food_0543,intro_0478,Introduction
food_0544,intro_0479,Introduction
food_0545,intro_0480,Introduction
food_0546,intro_0481,Introduction
food_0547,intro_0482,Introduction
food_0548,intro_0483,Introduction
food_0549,intro_0484,Introduction
food_0550,intro_0485,Introduction
food_0551,intro_0486,Introduction
food_0552,intro_0487,Introduction
food_0553,intro_0488,Introduction
food_0554,intro_0489,Introduction
food_0555,intro_0490,Introduction
food_0556,intro_0491,Introduction
food_0557,intro_0492,Introduction
food_0558,intro_0493,Introduction
food_0559,intro_0494,Introduction
food_0560,intro_0495,Introduction
food_0561,intro_0496,Introduction
food_0562,intro_0497,Introduction
food_0563,intro_0498,Introduction
food_0564,intro_0499,Introduction
food_0565,intro_0500,Introduction
food_0566,intro_0501,Introduction
food_0567,intro_0502,Introduction
food_0568,intro_0503,Introduction
food_0569,intro_0504,Introduction
food_0571,intro_0505,Introduction
food_0573,intro_0506,Introduction
food_0574,intro_0507,Introduction
food_0575,intro_0508,Introduction
food_0576,intro_0509,Introduction
food_0577,intro_0510,Introduction
food_0579,intro_0511,Introduction
food_0580,intro_0512,Introduction
food_0581,intro_0513,Introduction
food_0582,intro_0514,Introduction
food_0583,intro_0515,Introduction
food_0585,intro_0516,Introduction
food_0586,intro_0517,Introduction
food_0587,intro_0518,Introduction
food_0588,intro_0519,Introduction
food_0589,intro_0520,Introduction
food_0590,intro_0521,Introduction
food_0591,intro_0522,Introduction
food_0592,intro_0523,Introduction
food_0593,intro_0524,Introduction
food_0594,intro_0525,Introduction
food_0595,intro_0526,Introduction
food_0596,intro_0527,Introduction
food_0597,intro_0528,Introduction
food_0598,intro_0529,Introduction
food_0599,intro_0530,Introduction
food_0600,intro_0531,Introduction
food_0602,intro_0532,Introduction
food_0604,intro_0533,Introduction
food_0605,intro_0534,Introduction
food_0607,intro_0535,Introduction
food_0608,intro_0536,Introduction
food_0611,intro_0537,Introduction
food_0612,intro_0538,Introduction
food_0613,intro_0539,Introduction
food_0614,intro_0540,Introduction
food_0616,intro_0541,Introduction
food_0618,intro_0542,Introduction
food_0619,intro_0543,Introduction
food_0622,intro_0544,Introduction
food_0628,intro_0545,Introduction
food_0629,intro_0546,Introduction
food_0653,intro_0547,Introduction
food_0657,intro_0548,Introduction
food_0679,intro_0549,Introduction
food_0709,intro_0550,Introduction
food_0730,intro_0551,Introduction
food_0735,intro_0552,Introduction
food_0744,intro_0553,Introduction
food_0745,intro_0554,Introduction
food_0746,intro_0555,Introduction
food_0747,intro_0556,Introduction
food_0753,intro_0557,Introduction
food_0754,intro_0558,Introduction
food_0756,intro_0559,Introduction
food_0757,intro_0560,Introduction
food_0758,intro_0561,Introduction
food_0763,intro_0562,Introduction
food_0764,intro_0563,Introduction
food_0769,intro_0564,Introduction
food_0781,intro_0565,Introduction
food_0787,intro_0566,Introduction
food_0790,intro_0567,Introduction
food_0805,intro_0568,Introduction
food_0861,intro_0569,Introduction
food_0865,intro_0570,Introduction
food_0877,intro_0571,Introduction
food_0884,intro_0572,Introduction
food_0904,intro_0573,Introduction
food_0910,intro_0574,Introduction
food_0914,intro_0575,Introduction
food_0937,intro_0576,Introduction
food_0938,intro_0577,Introduction
food_0943,intro_0578,Introduction
food_0950,intro_0579,Introduction
food_0952,intro_0580,Introduction
food_0954,intro_0581,Introduction
food_0958,intro_0582,Introduction
food_0959,intro_0583,Introduction
food_0960,intro_0584,Introduction
food_0963,intro_0585,Introduction
food_0965,intro_0586,Introduction
food_0981,intro_0587,Introduction
food_0985,intro_0588,Introduction
food_0987,intro_0589,Introduction
food_0991,intro_0590,Introduction
food_0997,intro_0591,Introduction
food_1004,intro_0592,Introduction
food_1010,intro_0593,Introduction
food_1011,intro_0594,Introduction
food_1027,intro_0595,Introduction
food_1044,intro_0596,Introduction
food_1048,intro_0597,Introduction
food_1070,intro_0598,Introduction
food_1082,intro_0599,Introduction
food_1083,intro_0600,Introduction
food_1084,intro_0601,Introduction
food_1087,intro_0602,Introduction
food_1105,intro_0603,Introduction
food_1108,intro_0604,Introduction
food_1109,intro_0605,Introduction
food_1110,intro_0606,Introduction
food_1124,intro_0607,Introduction
food_1125,intro_0608,Introduction
food_1126,intro_0609,Introduction
food_1128,intro_0610,Introduction
food_1129,intro_0611,Introduction
food_1130,intro_0612,Introduction
food_1138,intro_0613,Introduction
food_1143,intro_0614,Introduction
food_1147,intro_0615,Introduction
food_1151,intro_0616,Introduction
food_1160,intro_0617,Introduction
food_1161,intro_0618,Introduction
food_1167,intro_0619,Introduction
food_1173,intro_0620,Introduction
food_1177,intro_0621,Introduction
food_1184,intro_0622,Introduction
food_1190,intro_0623,Introduction
food_1192,intro_0624,Introduction
food_1214,intro_0625,Introduction
food_1215,intro_0626,Introduction
food_1216,intro_0627,Introduction
food_1257,intro_0628,Introduction
food_1261,intro_0629,Introduction
food_1265,intro_0630,Introduction
food_1266,intro_0631,Introduction
food_1288,intro_0632,Introduction
food_1307,intro_0633,Introduction
food_1310,intro_0634,Introduction
food_1312,intro_0635,Introduction
food_1313,intro_0636,Introduction
food_1323,intro_0637,Introduction
food_1337,intro_0638,Introduction
food_1339,intro_0639,Introduction
food_1351,intro_0640,Introduction
food_1352,intro_0641,Introduction
food_1353,intro_0642,Introduction
food_1371,intro_0643,Introduction
food_1393,intro_0644,Introduction
food_1413,intro_0645,Introduction
food_1418,intro_0646,Introduction
food_1419,intro_0647,Introduction
food_1420,intro_0648,Introduction
food_1424,intro_0649,Introduction
food_1427,intro_0650,Introduction
food_1437,intro_0651,Introduction
food_1440,intro_0652,Introduction
food_1444,intro_0653,Introduction
food_1447,intro_0654,Introduction
food_1448,intro_0655,Introduction
food_1450,intro_0656,Introduction
food_1460,intro_0657,Introduction
food_1461,intro_0658,Introduction
food_1462,intro_0659,Introduction
food_1464,intro_0660,Introduction
food_1479,intro_0661,Introduction
food_1482,intro_0662,Introduction
food_1486,intro_0663,Introduction
food_1487,intro_0664,Introduction
food_1490,intro_0665,Introduction
food_1491,intro_0666,Introduction
food_1492,intro_0667,Introduction
food_1493,intro_0668,Introduction
shop_0001,intro_0669,Introduction
shop_0002,intro_0670,Introduction
shop_0003,intro_0671,Introduction
shop_0004,intro_0672,Introduction
shop_0005,intro_0673,Introduction
shop_0006,intro_0674,Introduction
shop_0007,intro_0675,Introduction
shop_0008,intro_0676,Introduction
shop_0009,intro_0677,Introduction
shop_0010,intro_0678,Introduction
shop_0011,intro_0679,Introduction
shop_0012,intro_0680,Introduction
shop_0013,intro_0681,Introduction
shop_0014,intro_0682,Introduction
shop_0015,intro_0683,Introduction
shop_0016,intro_0684,Introduction
shop_0017,intro_0685,Introduction
shop_0018,intro_0686,Introduction
shop_0019,intro_0687,Introduction
shop_0020,intro_0688,Introduction
shop_0021,intro_0689,Introduction
shop_0022,intro_0690,Introduction
shop_0023,intro_0691,Introduction
shop_0024,intro_0692,Introduction
shop_0025,intro_0693,Introduction
shop_0026,intro_0694,Introduction
shop_0027,intro_0695,Introduction
shop_0028,intro_0696,Introduction
shop_0029,intro_0697,Introduction
shop_0030,intro_0698,Introduction
shop_0031,intro_0699,Introduction
shop_0032,intro_0700,Introduction
shop_0035,intro_0701,Introduction
shop_0036,intro_0702,Introduction
shop_0038,intro_0703,Introduction
shop_0040,intro_0704,Introduction
shop_0042,intro_0705,Introduction
shop_0075,intro_0706,Introduction
shop_0085,intro_0707,Introduction
shop_0089,intro_0708,Introduction
shop_0090,intro_0709,Introduction
shop_0097,intro_0710,Introduction
shop_0109,intro_0711,Introduction
shop_0122,intro_0712,Introduction
shop_0123,intro_0713,Introduction
shop_0124,intro_0714,Introduction
shop_0129,intro_0715,Introduction
shop_0130,intro_0716,Introduction
shop_0134,intro_0717,Introduction
shop_0136,intro_0718,Introduction
shop_0137,intro_0719,Introduction
shop_0141,intro_0720,Introduction
shop_0144,intro_0721,Introduction
shop_0151,intro_0722,Introduction
shop_0152,intro_0723,Introduction
shop_0156,intro_0724,Introduction
shop_0456,intro_0725,Introduction
shop_0650,intro_0726,Introduction
shop_0662,intro_0727,Introduction
shop_0667,intro_0728,Introduction
shop_0668,intro_0729,Introduction
shop_0669,intro_0730,Introduction
shop_0674,intro_0731,Introduction
shop_0677,intro_0732,Introduction
shop_0678,intro_0733,Introduction
shop_0679,intro_0734,Introduction
shop_0680,intro_0735,Introduction
shop_0681,intro_0736,Introduction
shop_0686,intro_0737,Introduction
shop_0687,intro_0738,Introduction
shop_0689,intro_0739,Introduction
shop_0691,intro_0740,Introduction
shop_0692,intro_0741,Introduction
shop_0693,intro_0742,Introduction
shop_0696,intro_0743,Introduction
shop_0697,intro_0744,Introduction
shop_0699,intro_0745,Introduction
shop_0700,intro_0746,Introduction
shop_0701,intro_0747,Introduction
shop_0702,intro_0748,Introduction
shop_0704,intro_0749,Introduction
shop_0705,intro_0750,Introduction
shop_0707,intro_0751,Introduction
shop_0708,intro_0752,Introduction
shop_0709,intro_0753,Introduction
shop_0712,intro_0754,Introduction
shop_0714,intro_0755,Introduction
shop_0717,intro_0756,Introduction
shop_0722,intro_0757,Introduction
shop_0724,intro_0758,Introduction
shop_0725,intro_0759,Introduction
shop_0728,intro_0760,Introduction
shop_0729,intro_0761,Introduction
shop_0732,intro_0762,Introduction
shop_0739,intro_0763,Introduction
shop_0740,intro_0764,Introduction
shop_0741,intro_0765,Introduction
shop_0745,intro_0766,Introduction
shop_0749,intro_0767,Introduction
shop_0751,intro_0768,Introduction
shop_0752,intro_0769,Introduction
shop_0753,intro_0770,Introduction
shop_0756,intro_0771,Introduction
shop_0757,intro_0772,Introduction
shop_0761,intro_0773,Introduction
shop_0764,intro_0774,Introduction
shop_0765,intro_0775,Introduction
shop_0768,intro_0776,Introduction
shop_0769,intro_0777,Introduction
shop_0774,intro_0778,Introduction
shop_0775,intro_0779,Introduction
shop_0776,intro_0780,Introduction
shop_0782,intro_0781,Introduction
shop_0783,intro_0782,Introduction
shop_0787,intro_0783,Introduction
shop_0790,intro_0784,Introduction
shop_0791,intro_0785,Introduction
shop_0792,intro_0786,Introduction
shop_0795,intro_0787,Introduction
shop_0796,intro_0788,Introduction
shop_0799,intro_0789,Introduction
shop_0800,intro_0790,Introduction
shop_0801,intro_0791,Introduction
shop_0803,intro_0792,Introduction
shop_0805,intro_0793,Introduction
shop_0806,intro_0794,Introduction
shop_0809,intro_0795,Introduction
shop_0810,intro_0796,Introduction
shop_0811,intro_0797,Introduction
shop_0812,intro_0798,Introduction
shop_0813,intro_0799,Introduction
shop_0814,intro_0800,Introduction
shop_0815,intro_0801,Introduction
shop_0816,intro_0802,Introduction
shop_0817,intro_0803,Introduction
shop_0818,intro_0804,Introduction
shop_0819,intro_0805,Introduction
shop_0820,intro_0806,Introduction
shop_0821,intro_0807,Introduction
shop_0822,intro_0808,Introduction
shop_0823,intro_0809,Introduction
shop_0824,intro_0810,Introduction
shop_0825,intro_0811,Introduction
shop_0826,intro_0812,Introduction
shop_0827,intro_0813,Introduction
shop_0828,intro_0814,Introduction
shop_0829,intro_0815,Introduction
shop_0830,intro_0816,Introduction
shop_0831,intro_0817,Introduction
shop_0832,intro_0818,Introduction
shop_0833,intro_0819,Introduction
shop_0834,intro_0820,Introduction
shop_0835,intro_0821,Introduction
shop_0836,intro_0822,Introduction
shop_0837,intro_0823,Introduction
shop_0838,intro_0824,Introduction
shop_0839,intro_0825,Introduction
shop_0840,intro_0826,Introduction
shop_0871,intro_0827,Introduction
shop_0872,intro_0828,Introduction
shop_0886,intro_0829,Introduction
shop_0890,intro_0830,Introduction
shop_0896,intro_0831,Introduction
shop_0909,intro_0832,Introduction
shop_0939,intro_0833,Introduction
shop_0941,intro_0834,Introduction
shop_0942,intro_0835,Introduction
shop_0946,intro_0836,Introduction
shop_0957,intro_0837,Introduction
shop_0980,intro_0838,Introduction
shop_0987,intro_0839,Introduction
shop_1125,intro_0840,Introduction
shop_1126,intro_0841,Introduction
shop_1146,intro_0842,Introduction
shop_1148,intro_0843,Introduction
shop_1149,intro_0844,Introduction
shop_1151,intro_0845,Introduction
shop_1152,intro_0846,Introduction
shop_1153,intro_0847,Introduction
shop_1154,intro_0848,Introduction
shop_1155,intro_0849,Introduction
shop_1156,intro_0850,Introduction
shop_1157,intro_0851,Introduction
shop_1158,intro_0852,Introduction
shop_1159,intro_0853,Introduction
shop_1161,intro_0854,Introduction
shop_1163,intro_0855,Introduction
shop_1164,intro_0856,Introduction
shop_1166,intro_0857,Introduction
shop_1171,intro_0858,Introduction
shop_1174,intro_0859,Introduction
shop_1176,intro_0860,Introduction
shop_1177,intro_0861,Introduction
shop_1178,intro_0862,Introduction
shop_1179,intro_0863,Introduction
shop_1180,intro_0864,Introduction
shop_1181,intro_0865,Introduction
shop_1182,intro_0866,Introduction
shop_1185,intro_0867,Introduction
shop_1186,intro_0868,Introduction
shop_1191,intro_0869,Introduction
shop_1192,intro_0870,Introduction
shop_1193,intro_0871,Introduction
shop_1194,intro_0872,Introduction
shop_1195,intro_0873,Introduction
shop_1196,intro_0874,Introduction
shop_1198,intro_0875,Introduction
shop_1200,intro_0876,Introduction
shop_1201,intro_0877,Introduction
shop_1202,intro_0878,Introduction
shop_1203,intro_0879,Introduction
shop_1204,intro_0880,Introduction
shop_1205,intro_0881,Introduction
shop_1206,intro_0882,Introduction
shop_1208,intro_0883,Introduction
shop_1209,intro_0884,Introduction
shop_1210,intro_0885,Introduction
shop_1211,intro_0886,Introduction
shop_1212,intro_0887,Introduction
shop_1213,intro_0888,Introduction
shop_1214,intro_0889,Introduction
shop_1215,intro_0890,Introduction
shop_1216,intro_0891,Introduction
shop_1217,intro_0892,Introduction
shop_1218,intro_0893,Introduction
shop_1219,intro_0894,Introduction
shop_1220,intro_0895,Introduction
shop_1221,intro_0896,Introduction
shop_1222,intro_0897,Introduction
shop_1223,intro_0898,Introduction
shop_1224,intro_0899,Introduction
shop_1225,intro_0900,Introduction
shop_1226,intro_0901,Introduction
shop_1227,intro_0902,Introduction
shop_1228,intro_0903,Introduction
shop_1229,intro_0904,Introduction
shop_1230,intro_0905,Introduction
shop_1231,intro_0906,Introduction
shop_1232,intro_0907,Introduction
shop_1233,intro_0908,Introduction
shop_1234,intro_0909,Introduction
shop_1235,intro_0910,Introduction
shop_1236,intro_0911,Introduction
shop_1237,intro_0912,Introduction
shop_1238,intro_0913,Introduction
shop_1239,intro_0914,Introduction
shop_1240,intro_0915,Introduction
shop_1241,intro_0916,Introduction
shop_1242,intro_0917,Introduction
shop_1243,intro_0918,Introduction
shop_1244,intro_0919,Introduction
shop_1245,intro_0920,Introduction
shop_1251,intro_0921,Introduction
shop_1255,intro_0922,Introduction
shop_1259,intro_0923,Introduction
shop_1263,intro_0924,Introduction
shop_1267,intro_0925,Introduction
shop_1273,intro_0926,Introduction
shop_1275,intro_0927,Introduction
shop_1276,intro_0928,Introduction
shop_1556,intro_0929,Introduction
shop_1557,intro_0930,Introduction
shop_1558,intro_0931,Introduction
shop_1559,intro_0932,Introduction
shop_1560,intro_0933,Introduction
shop_1563,intro_0934,Introduction
shop_1568,intro_0935,Introduction
shop_1569,intro_0936,Introduction
shop_1571,intro_0937,Introduction
shop_1572,intro_0938,Introduction
shop_1573,intro_0939,Introduction
shop_1574,intro_0940,Introduction
shop_1576,intro_0941,Introduction
shop_1580,intro_0942,Introduction
shop_1581,intro_0943,Introduction
shop_1582,intro_0944,Introduction
shop_1583,intro_0945,Introduction
shop_1585,intro_0946,Introduction
shop_1586,intro_0947,Introduction
shop_1594,intro_0948,Introduction
shop_1595,intro_0949,Introduction
shop_1598,intro_0950,Introduction
shop_1602,intro_0951,Introduction
shop_1603,intro_0952,Introduction
shop_1604,intro_0953,Introduction
shop_1605,intro_0954,Introduction
shop_1606,intro_0955,Introduction
shop_1607,intro_0956,Introduction
shop_1608,intro_0957,Introduction
shop_1609,intro_0958,Introduction
shop_1611,intro_0959,Introduction
shop_1612,intro_0960,Introduction
shop_1613,intro_0961,Introduction
shop_1614,intro_0962,Introduction
shop_1615,intro_0963,Introduction
shop_1616,intro_0964,Introduction
shop_1617,intro_0965,Introduction
shop_1618,intro_0966,Introduction
shop_1619,intro_0967,Introduction
shop_1622,intro_0968,Introduction
shop_1623,intro_0969,Introduction
shop_1624,intro_0970,Introduction
shop_1625,intro_0971,Introduction
shop_1634,intro_0972,Introduction
shop_1864,intro_0973,Introduction
shop_1865,intro_0974,Introduction
shop_1866,intro_0975,Introduction
shop_1867,intro_0976,Introduction
shop_1868,intro_0977,Introduction
shop_1871,intro_0978,Introduction
shop_1876,intro_0979,Introduction
shop_1877,intro_0980,Introduction
shop_1879,intro_0981,Introduction
shop_1880,intro_0982,Introduction
shop_1881,intro_0983,Introduction
shop_1882,intro_0984,Introduction
shop_1884,intro_0985,Introduction
shop_1888,intro_0986,Introduction
shop_1889,intro_0987,Introduction
shop_1890,intro_0988,Introduction
shop_1891,intro_0989,Introduction
shop_1893,intro_0990,Introduction
shop_1894,intro_0991,Introduction
shop_1902,intro_0992,Introduction
shop_1903,intro_0993,Introduction
shop_1906,intro_0994,Introduction
shop_1910,intro_0995,Introduction
shop_1911,intro_0996,Introduction
shop_1912,intro_0997,Introduction
shop_1913,intro_0998,Introduction
shop_1914,intro_0999,Introduction
shop_1915,intro_1000,Introduction
shop_1916,intro_1001,Introduction
shop_1917,intro_1002,Introduction
shop_1919,intro_1003,Introduction
shop_1920,intro_1004,Introduction
shop_1921,intro_1005,Introduction
shop_1922,intro_1006,Introduction
shop_1923,intro_1007,Introduction
shop_1924,intro_1008,Introduction
shop_1925,intro_1009,Introduction
shop_1926,intro_1010,Introduction
shop_1927,intro_1011,Introduction
shop_1930,intro_1012,Introduction
shop_1931,intro_1013,Introduction
shop_1932,intro_1014,Introduction
shop_1933,intro_1015,Introduction
shop_1942,intro_1016,Introduction
shop_1975,intro_1017,Introduction
shop_1976,intro_1018,Introduction
shop_1979,intro_1019,Introduction
shop_1984,intro_1020,Introduction
shop_1985,intro_1021,Introduction
shop_1986,intro_1022,Introduction
shop_1987,intro_1023,Introduction
shop_1988,intro_1024,Introduction
shop_1989,intro_1025,Introduction
shop_1990,intro_1026,Introduction
shop_1991,intro_1027,Introduction
shop_1992,intro_1028,Introduction
shop_1993,intro_1029,Introduction
shop_1994,intro_1030,Introduction
shop_1995,intro_1031,Introduction
shop_1996,intro_1032,Introduction
shop_1997,intro_1033,Introduction
shop_2055,intro_1034,Introduction
shop_2056,intro_1035,Introduction
shop_2060,intro_1036,Introduction
shop_2065,intro_1037,Introduction
shop_2068,intro_1038,Introduction
shop_2072,intro_1039,Introduction
shop_2073,intro_1040,Introduction
shop_2074,intro_1041,Introduction
shop_2075,intro_1042,Introduction
shop_2076,intro_1043,Introduction
shop_2077,intro_1044,Introduction
shop_2078,intro_1045,Introduction
shop_2079,intro_1046,Introduction
shop_2080,intro_1047,Introduction
shop_2081,intro_1048,Introduction
shop_2083,intro_1049,Introduction
shop_2085,intro_1050,Introduction
shop_2088,intro_1051,Introduction
shop_2093,intro_1052,Introduction
shop_2275,intro_1053,Introduction
shop_2276,intro_1054,Introduction
shop_2277,intro_1055,Introduction
shop_2278,intro_1056,Introduction
shop_2279,intro_1057,Introduction
shop_2280,intro_1058,Introduction
shop_2281,intro_1059,Introduction
shop_2283,intro_1060,Introduction
shop_2284,intro_1061,Introduction
shop_2285,intro_1062,Introduction
shop_2286,intro_1063,Introduction
shop_2287,intro_1064,Introduction
shop_2289,intro_1065,Introduction
shop_2290,intro_1066,Introduction
shop_2291,intro_1067,Introduction
shop_2292,intro_1068,Introduction
shop_2293,intro_1069,Introduction
shop_2294,intro_1070,Introduction
shop_2295,intro_1071,Introduction
shop_2297,intro_1072,Introduction
shop_2298,intro_1073,Introduction
shop_2299,intro_1074,Introduction
shop_2300,intro_1075,Introduction
shop_2303,intro_1076,Introduction
shop_2305,intro_1077,Introduction
shop_2306,intro_1078,Introduction
shop_2339,intro_1079,Introduction
shop_2340,intro_1080,Introduction
shop_2341,intro_1081,Introduction
shop_2342,intro_1082,Introduction
shop_2370,intro_1083,Introduction
shop_2399,intro_1084,Introduction
shop_2407,intro_1085,Introduction
sight_0001,intro_1086,Introduction
sight_0005,intro_1087,Introduction
sight_0006,intro_1088,Introduction
sight_0008,intro_1089,Introduction
sight_0009,intro_1090,Introduction
sight_0010,intro_1091,Introduction
sight_0011,intro_1092,Introduction
sight_0012,intro_1093,Introduction
sight_0013,intro_1094,Introduction
sight_0014,intro_1095,Introduction
sight_0015,intro_1096,Introduction
sight_0016,intro_1097,Introduction
sight_0020,intro_1098,Introduction
sight_0022,intro_1099,Introduction
sight_0023,intro_1100,Introduction
sight_0024,intro_1101,Introduction
sight_0025,intro_1102,Introduction
sight_0029,intro_1103,Introduction
sight_0032,intro_1104,Introduction
sight_0033,intro_1105,Introduction
sight_0034,intro_1106,Introduction
sight_0036,intro_1107,Introduction
sight_0037,intro_1108,Introduction
sight_0038,intro_1109,Introduction
sight_0039,intro_1110,Introduction
sight_0040,intro_1111,Introduction
sight_0041,intro_1112,Introduction
sight_0042,intro_1113,Introduction
sight_0043,intro_1114,Introduction
sight_0044,intro_1115,Introduction
sight_0045,intro_1116,Introduction
sight_0046,intro_1117,Introduction
sight_0047,intro_1118,Introduction
sight_0048,intro_1119,Introduction
sight_0049,intro_1120,Introduction
sight_0050,intro_1121,Introduction
sight_0051,intro_1122,Introduction
sight_0052,intro_1123,Introduction
sight_0053,intro_1124,Introduction
sight_0054,intro_1125,Introduction
sight_0055,intro_1126,Introduction
sight_0058,intro_1127,Introduction
sight_0059,intro_1128,Introduction
sight_0060,intro_1129,Introduction
sight_0062,intro_1130,Introduction
sight_0063,intro_1131,Introduction
sight_0064,intro_1132,Introduction
sight_0066,intro_1133,Introduction
sight_0069,intro_1134,Introduction
sight_0070,intro_1135,Introduction
sight_0072,intro_1136,Introduction
sight_0073,intro_1137,Introduction
sight_0074,intro_1138,Introduction
sight_0076,intro_1139,Introduction
sight_0077,intro_1140,Introduction
sight_0078,intro_1141,Introduction
sight_0079,intro_1142,Introduction
sight_0082,intro_1143,Introduction
sight_0084,intro_1144,Introduction
sight_0086,intro_1145,Introduction
sight_0087,intro_1146,Introduction
sight_0088,intro_1147,Introduction
sight_0089,intro_1148,Introduction
sight_0091,intro_1149,Introduction
sight_0093,intro_1150,Introduction
sight_0094,intro_1151,Introduction
sight_0096,intro_1152,Introduction
sight_0100,intro_1153,Introduction
sight_0101,intro_1154,Introduction
sight_0102,intro_1155,Introduction
sight_0103,intro_1156,Introduction
sight_0104,intro_1157,Introduction
sight_0105,intro_1158,Introduction
sight_0106,intro_1159,Introduction
sight_0107,intro_1160,Introduction
sight_0108,intro_1161,Introduction
sight_0109,intro_1162,Introduction
sight_0110,intro_1163,Introduction
sight_0111,intro_1164,Introduction
sight_0112,intro_1165,Introduction
sight_0113,intro_1166,Introduction
sight_0115,intro_1167,Introduction
sight_0116,intro_1168,Introduction
sight_0117,intro_1169,Introduction
sight_0119,intro_1170,Introduction
sight_0122,intro_1171,Introduction
sight_0123,intro_1172,Introduction
sight_0124,intro_1173,Introduction
sight_0125,intro_1174,Introduction
sight_0126,intro_1175,Introduction
sight_0127,intro_1176,Introduction
sight_0128,intro_1177,Introduction
sight_0129,intro_1178,Introduction
sight_0131,intro_1179,Introduction
sight_0133,intro_1180,Introduction
sight_0138,intro_1181,Introduction
sight_0139,intro_1182,Introduction
sight_0141,intro_1183,Introduction
sight_0142,intro_1184,Introduction
sight_0145,intro_1185,Introduction
sight_0148,intro_1186,Introduction
sight_0151,intro_1187,Introduction
sight_0152,intro_1188,Introduction
sight_0155,intro_1189,Introduction
sight_0158,intro_1190,Introduction
sight_0159,intro_1191,Introduction
sight_0161,intro_1192,Introduction
sight_0162,intro_1193,Introduction
sight_0163,intro_1194,Introduction
sight_0167,intro_1195,Introduction
sight_0168,intro_1196,Introduction
sight_0169,intro_1197,Introduction
sight_0172,intro_1198,Introduction
sight_0176,intro_1199,Introduction
sight_0178,intro_1200,Introduction
sight_0179,intro_1201,Introduction
sight_0183,intro_1202,Introduction
sight_0184,intro_1203,Introduction
sight_0185,intro_1204,Introduction
sight_0186,intro_1205,Introduction
sight_0188,intro_1206,Introduction
sight_0195,intro_1207,Introduction
sight_0197,intro_1208,Introduction
sight_0203,intro_1209,Introduction
sight_0205,intro_1210,Introduction
sight_0206,intro_1211,Introduction
sight_0207,intro_1212,Introduction
sight_0210,intro_1213,Introduction
sight_0211,intro_1214,Introduction
sight_0213,intro_1215,Introduction
sight_0215,intro_1216,Introduction
sight_0217,intro_1217,Introduction
sight_0218,intro_1218,Introduction
sight_0221,intro_1219,Introduction
sight_0222,intro_1220,Introduction
sight_0223,intro_1221,Introduction
sight_0224,intro_1222,Introduction
sight_0226,intro_1223,Introduction
sight_0228,intro_1224,Introduction
sight_0230,intro_1225,Introduction
sight_0232,intro_1226,Introduction
sight_0235,intro_1227,Introduction
sight_0243,intro_1228,Introduction
sight_0244,intro_1229,Introduction
sight_0250,intro_1230,Introduction
sight_0251,intro_1231,Introduction
sight_0257,intro_1232,Introduction
sight_0258,intro_1233,Introduction
sight_0262,intro_1234,Introduction
sight_0263,intro_1235,Introduction
sight_0265,intro_1236,Introduction
sight_0266,intro_1237,Introduction
sight_0270,intro_1238,Introduction
sight_0272,intro_1239,Introduction
sight_0275,intro_1240,Introduction
sight_0277,intro_1241,Introduction
sight_0278,intro_1242,Introduction
sight_0279,intro_1243,Introduction
sight_0284,intro_1244,Introduction
sight_0286,intro_1245,Introduction
sight_0292,intro_1246,Introduction
sight_0295,intro_1247,Introduction
sight_0300,intro_1248,Introduction
sight_0303,intro_1249,Introduction
sight_0305,intro_1250,Introduction
sight_0307,intro_1251,Introduction
sight_0308,intro_1252,Introduction
sight_0318,intro_1253,Introduction
sight_0320,intro_1254,Introduction
sight_0322,intro_1255,Introduction
sight_0323,intro_1256,Introduction
sight_0328,intro_1257,Introduction
sight_0333,intro_1258,Introduction
sight_0336,intro_1259,Introduction
sight_0337,intro_1260,Introduction
sight_0338,intro_1261,Introduction
sight_0342,intro_1262,Introduction
sight_0344,intro_1263,Introduction
sight_0345,intro_1264,Introduction
sight_0347,intro_1265,Introduction
sight_0359,intro_1266,Introduction
sight_0360,intro_1267,Introduction
sight_0365,intro_1268,Introduction
sight_0368,intro_1269,Introduction
sight_0371,intro_1270,Introduction
sight_0390,intro_1271,Introduction
sight_0392,intro_1272,Introduction
sight_0394,intro_1273,Introduction
sight_0395,intro_1274,Introduction
sight_0397,intro_1275,Introduction
sight_0400,intro_1276,Introduction
sight_0410,intro_1277,Introduction
sight_0418,intro_1278,Introduction
sight_0419,intro_1279,Introduction
sight_0420,intro_1280,Introduction
sight_0424,intro_1281,Introduction
sight_0425,intro_1282,Introduction
sight_0426,intro_1283,Introduction
sight_0428,intro_1284,Introduction
sight_0434,intro_1285,Introduction
sight_0437,intro_1286,Introduction
sight_0438,intro_1287,Introduction
sight_0439,intro_1288,Introduction
sight_0441,intro_1289,Introduction
sight_0443,intro_1290,Introduction
sight_0446,intro_1291,Introduction
sight_0451,intro_1292,Introduction
sight_0461,intro_1293,Introduction
sight_0486,intro_1294,Introduction
sight_0499,intro_1295,Introduction
sight_0504,intro_1296,Introduction
sight_0507,intro_1297,Introduction
sight_0530,intro_1298,Introduction
sight_0535,intro_1299,Introduction
sight_0536,intro_1300,Introduction
sight_0544,intro_1301,Introduction
sight_0547,intro_1302,Introduction
sight_0588,intro_1303,Introduction
sight_0595,intro_1304,Introduction
sight_0600,intro_1305,Introduction
sight_0615,intro_1306,Introduction
sight_0654,intro_1307,Introduction
sight_0676,intro_1308,Introduction
sight_0788,intro_1309,Introduction
sight_0789,intro_1310,Introduction
sight_0812,intro_1311,Introduction
sight_0834,intro_1312,Introduction
sight_0854,intro_1313,Introduction
sight_0925,intro_1314,Introduction
sight_0934,intro_1315,Introduction
sight_0935,intro_1316,Introduction
sight_0938,intro_1317,Introduction
sight_0939,intro_1318,Introduction
sight_0940,intro_1319,Introduction
sight_0941,intro_1320,Introduction
sight_0945,intro_1321,Introduction
sight_0946,intro_1322,Introduction
sight_0947,intro_1323,Introduction
sight_0948,intro_1324,Introduction
sight_0949,intro_1325,Introduction
sight_0950,intro_1326,Introduction
sight_0952,intro_1327,Introduction
sight_0953,intro_1328,Introduction
sight_0954,intro_1329,Introduction
sight_0955,intro_1330,Introduction
sight_0956,intro_1331,Introduction
sight_0957,intro_1332,Introduction
sight_0958,intro_1333,Introduction
sight_0959,intro_1334,Introduction
sight_0960,intro_1335,Introduction
sight_0961,intro_1336,Introduction
sight_0962,intro_1337,Introduction
sight_0963,intro_1338,Introduction
sight_0966,intro_1339,Introduction
sight_0967,intro_1340,Introduction
sight_0969,intro_1341,Introduction
sight_0970,intro_1342,Introduction
sight_0971,intro_1343,Introduction
sight_0972,intro_1344,Introduction
sight_0973,intro_1345,Introduction
sight_0974,intro_1346,Introduction
sight_0975,intro_1347,Introduction
sight_0976,intro_1348,Introduction
sight_0977,intro_1349,Introduction
sight_0978,intro_1350,Introduction
sight_0979,intro_1351,Introduction
sight_0980,intro_1352,Introduction
sight_0982,intro_1353,Introduction
sight_0983,intro_1354,Introduction
sight_0984,intro_1355,Introduction
sight_0985,intro_1356,Introduction
sight_0986,intro_1357,Introduction
sight_0987,intro_1358,Introduction
sight_0988,intro_1359,Introduction
sight_0989,intro_1360,Introduction
sight_0991,intro_1361,Introduction
sight_0992,intro_1362,Introduction
sight_0993,intro_1363,Introduction
sight_0994,intro_1364,Introduction
sight_0995,intro_1365,Introduction
sight_0996,intro_1366,Introduction
sight_0997,intro_1367,Introduction
sight_1000,intro_1368,Introduction
sight_1002,intro_1369,Introduction
sight_1003,intro_1370,Introduction
sight_1004,intro_1371,Introduction
sight_1006,intro_1372,Introduction
sight_1007,intro_1373,Introduction
sight_1013,intro_1374,Introduction
sight_1015,intro_1375,Introduction
sight_1019,intro_1376,Introduction
sight_1021,intro_1377,Introduction
sight_1025,intro_1378,Introduction
sight_1030,intro_1379,Introduction
sight_1037,intro_1380,Introduction
sight_1039,intro_1381,Introduction
sight_1040,intro_1382,Introduction
sight_1045,intro_1383,Introduction
sight_1047,intro_1384,Introduction
sight_1048,intro_1385,Introduction
sight_1053,intro_1386,Introduction
sight_1066,intro_1387,Introduction
sight_1067,intro_1388,Introduction
sight_1077,intro_1389,Introduction
sight_1083,intro_1390,Introduction
sight_1088,intro_1391,Introduction
sight_1093,intro_1392,Introduction
sight_1094,intro_1393,Introduction
sight_1101,intro_1394,Introduction
sight_1102,intro_1395,Introduction
sight_1115,intro_1396,Introduction
sight_1118,intro_1397,Introduction
sight_1122,intro_1398,Introduction
sight_1127,intro_1399,Introduction
sight_1128,intro_1400,Introduction
sight_1142,intro_1401,Introduction
sight_1145,intro_1402,Introduction
sight_1153,intro_1403,Introduction
sight_1156,intro_1404,Introduction
sight_1172,intro_1405,Introduction
sight_1176,intro_1406,Introduction
sight_1198,intro_1407,Introduction
sight_1199,intro_1408,Introduction
sight_1206,intro_1409,Introduction
sight_1219,intro_1410,Introduction
sight_1244,intro_1411,Introduction
sight_1293,intro_1412,Introduction
sight_1418,intro_1413,Introduction
sight_1458,intro_1414,Introduction
sight_1512,intro_1415,Introduction
sight_1513,intro_1416,Introduction
sight_1520,intro_1417,Introduction
sight_1521,intro_1418,Introduction
sight_1528,intro_1419,Introduction
sight_1529,intro_1420,Introduction
sight_1530,intro_1421,Introduction
sight_1531,intro_1422,Introduction
sight_1532,intro_1423,Introduction
sight_1557,intro_1424,Introduction
sight_1558,intro_1425,Introduction
sight_1559,intro_1426,Introduction
sight_1560,intro_1427,Introduction
sight_1561,intro_1428,Introduction
sight_1562,intro_1429,Introduction
sight_1566,intro_1430,Introduction
sight_1567,intro_1431,Introduction
sight_1569,intro_1432,Introduction
sight_1571,intro_1433,Introduction
sight_1573,intro_1434,Introduction
sight_1574,intro_1435,Introduction
sight_1576,intro_1436,Introduction
sight_1584,intro_1437,Introduction
sight_1590,intro_1438,Introduction
sight_1591,intro_1439,Introduction
sight_1596,intro_1440,Introduction
sight_1597,intro_1441,Introduction
sight_1598,intro_1442,Introduction
sight_1599,intro_1443,Introduction
sight_1600,intro_1444,Introduction
sight_1608,intro_1445,Introduction
sight_1609,intro_1446,Introduction
sight_1639,intro_1447,Introduction
sight_1645,intro_1448,Introduction
sight_1664,intro_1449,Introduction
sight_1685,intro_1450,Introduction
sight_1696,intro_1451,Introduction
sight_1719,intro_1452,Introduction
sight_1723,intro_1453,Introduction
sight_1726,intro_1454,Introduction
sight_1728,intro_1455,Introduction
sight_1760,intro_1456,Introduction
sight_1773,intro_1457,Introduction
sight_1776,intro_1458,Introduction
sight_1778,intro_1459,Introduction
sight_1781,intro_1460,Introduction
sight_1791,intro_1461,Introduction
sight_1797,intro_1462,Introduction
sight_1812,intro_1463,Introduction
sight_1864,intro_1464,Introduction
sight_1867,intro_1465,Introduction
sight_1872,intro_1466,Introduction
sight_1876,intro_1467,Introduction
sight_1892,intro_1468,Introduction
sight_1916,intro_1469,Introduction
sight_1917,intro_1470,Introduction
sight_1918,intro_1471,Introduction
sight_1919,intro_1472,Introduction
sight_1924,intro_1473,Introduction
sight_1927,intro_1474,Introduction
sight_1932,intro_1475,Introduction
sight_1959,intro_1476,Introduction
sight_1977,intro_1477,Introduction
sight_2015,intro_1478,Introduction
sight_2035,intro_1479,Introduction
sight_2086,intro_1480,Introduction
sight_2111,intro_1481,Introduction
sight_2113,intro_1482,Introduction
sight_2114,intro_1483,Introduction
sight_2116,intro_1484,Introduction
sight_2117,intro_1485,Introduction
sight_2118,intro_1486,Introduction
sight_2119,intro_1487,Introduction
sight_2120,intro_1488,Introduction
sight_2122,intro_1489,Introduction
sight_2123,intro_1490,Introduction
sight_2124,intro_1491,Introduction
sight_2125,intro_1492,Introduction
sight_2127,intro_1493,Introduction
sight_2129,intro_1494,Introduction
sight_2131,intro_1495,Introduction
sight_2132,intro_1496,Introduction
sight_2133,intro_1497,Introduction
sight_2134,intro_1498,Introduction
sight_2138,intro_1499,Introduction
sight_2139,intro_1500,Introduction
sight_2141,intro_1501,Introduction
sight_2142,intro_1502,Introduction
sight_2143,intro_1503,Introduction
sight_2144,intro_1504,Introduction
sight_2145,intro_1505,Introduction
sight_2146,intro_1506,Introduction
sight_2147,intro_1507,Introduction
sight_2148,intro_1508,Introduction
sight_2149,intro_1509,Introduction
sight_2151,intro_1510,Introduction
sight_2152,intro_1511,Introduction
sight_2155,intro_1512,Introduction
sight_2156,intro_1513,Introduction
sight_2157,intro_1514,Introduction
sight_2158,intro_1515,Introduction
sight_2159,intro_1516,Introduction
sight_2160,intro_1517,Introduction
sight_2162,intro_1518,Introduction
sight_2163,intro_1519,Introduction
sight_2165,intro_1520,Introduction
sight_2167,intro_1521,Introduction
sight_2168,intro_1522,Introduction
sight_2169,intro_1523,Introduction
sight_2170,intro_1524,Introduction
sight_2172,intro_1525,Introduction
sight_2175,intro_1526,Introduction
sight_2176,intro_1527,Introduction
sight_2178,intro_1528,Introduction
sight_2179,intro_1529,Introduction
sight_2180,intro_1530,Introduction
sight_2181,intro_1531,Introduction
sight_2182,intro_1532,Introduction
sight_2183,intro_1533,Introduction
sight_2184,intro_1534,Introduction
sight_2185,intro_1535,Introduction
sight_2188,intro_1536,Introduction
sight_2189,intro_1537,Introduction
sight_2190,intro_1538,Introduction
sight_2192,intro_1539,Introduction
sight_2193,intro_1540,Introduction
sight_2194,intro_1541,Introduction
sight_2195,intro_1542,Introduction
sight_2196,intro_1543,Introduction
sight_2197,intro_1544,Introduction
sight_2198,intro_1545,Introduction
sight_2201,intro_1546,Introduction
sight_2203,intro_1547,Introduction
sight_2204,intro_1548,Introduction
sight_2205,intro_1549,Introduction
sight_2206,intro_1550,Introduction
sight_2207,intro_1551,Introduction
sight_2208,intro_1552,Introduction
sight_2210,intro_1553,Introduction
sight_2211,intro_1554,Introduction
sight_2213,intro_1555,Introduction
sight_2214,intro_1556,Introduction
sight_2217,intro_1557,Introduction
sight_2220,intro_1558,Introduction
sight_2222,intro_1559,Introduction
sight_2223,intro_1560,Introduction
sight_2227,intro_1561,Introduction
sight_2233,intro_1562,Introduction
sight_2234,intro_1563,Introduction
sight_2235,intro_1564,Introduction
sight_2236,intro_1565,Introduction
sight_2238,intro_1566,Introduction
sight_2239,intro_1567,Introduction
sight_2240,intro_1568,Introduction
sight_2242,intro_1569,Introduction
sight_2243,intro_1570,Introduction
sight_2244,intro_1571,Introduction
sight_2245,intro_1572,Introduction
sight_2246,intro_1573,Introduction
sight_2249,intro_1574,Introduction
sight_2250,intro_1575,Introduction
sight_2254,intro_1576,Introduction
sight_2256,intro_1577,Introduction
sight_2259,intro_1578,Introduction
sight_2260,intro_1579,Introduction
sight_2261,intro_1580,Introduction
sight_2262,intro_1581,Introduction
sight_2265,intro_1582,Introduction
sight_2266,intro_1583,Introduction
sight_2267,intro_1584,Introduction
sight_2268,intro_1585,Introduction
sight_2269,intro_1586,Introduction
sight_2271,intro_1587,Introduction
sight_2272,intro_1588,Introduction
sight_2277,intro_1589,Introduction
sight_2279,intro_1590,Introduction
sight_2280,intro_1591,Introduction
sight_2283,intro_1592,Introduction
sight_2287,intro_1593,Introduction
sight_2288,intro_1594,Introduction
sight_2290,intro_1595,Introduction
sight_2292,intro_1596,Introduction
sight_2294,intro_1597,Introduction
sight_2295,intro_1598,Introduction
sight_2296,intro_1599,Introduction
sight_2299,intro_1600,Introduction
sight_2300,intro_1601,Introduction
sight_2302,intro_1602,Introduction
sight_2306,intro_1603,Introduction
sight_2309,intro_1604,Introduction
sight_2316,intro_1605,Introduction
sight_2322,intro_1606,Introduction
sight_2324,intro_1607,Introduction
sight_2325,intro_1608,Introduction
sight_2327,intro_1609,Introduction
sight_2329,intro_1610,Introduction
sight_2330,intro_1611,Introduction
sight_2332,intro_1612,Introduction
sight_2333,intro_1613,Introduction
sight_2339,intro_1614,Introduction
sight_2343,intro_1615,Introduction
sight_2346,intro_1616,Introduction
sight_2353,intro_1617,Introduction
sight_2354,intro_1618,Introduction
sight_2364,intro_1619,Introduction
sight_2366,intro_1620,Introduction
sight_2375,intro_1621,Introduction
sight_2377,intro_1622,Introduction
sight_2378,intro_1623,Introduction
sight_2401,intro_1624,Introduction
sight_2402,intro_1625,Introduction
sight_2403,intro_1626,Introduction
sight_2407,intro_1627,Introduction
sight_2413,intro_1628,Introduction
sight_2419,intro_1629,Introduction
sight_2420,intro_1630,Introduction
sight_2422,intro_1631,Introduction
sight_2423,intro_1632,Introduction
sight_2425,intro_1633,Introduction
sight_2430,intro_1634,Introduction
sight_2432,intro_1635,Introduction
sight_2433,intro_1636,Introduction
sight_2438,intro_1637,Introduction
sight_2443,intro_1638,Introduction
sight_2462,intro_1639,Introduction
sight_2465,intro_1640,Introduction
sight_2470,intro_1641,Introduction
sight_2471,intro_1642,Introduction
sight_2475,intro_1643,Introduction
sight_2483,intro_1644,Introduction
sight_2484,intro_1645,Introduction
sight_2491,intro_1646,Introduction
sight_2495,intro_1647,Introduction
sight_2496,intro_1648,Introduction
sight_2497,intro_1649,Introduction
sight_2500,intro_1650,Introduction
sight_2504,intro_1651,Introduction
sight_2505,intro_1652,Introduction
sight_2508,intro_1653,Introduction
sight_2513,intro_1654,Introduction
sight_2517,intro_1655,Introduction
sight_2518,intro_1656,Introduction
sight_2524,intro_1657,Introduction
sight_2527,intro_1658,Introduction
sight_2530,intro_1659,Introduction
sight_2533,intro_1660,Introduction
sight_2534,intro_1661,Introduction
sight_2535,intro_1662,Introduction
sight_2545,intro_1663,Introduction
sight_2550,intro_1664,Introduction
sight_2555,intro_1665,Introduction
sight_2558,intro_1666,Introduction
sight_2559,intro_1667,Introduction
sight_2560,intro_1668,Introduction
